{
  "model_name": "gpt-4o-mini",
  "num_samples": 200,
  "rouge1": 0.2928825290852728,
  "rouge2": 0.08266295652902615,
  "rougeL": 0.1801627828650949
}